,date,sales,onpromotion
0,2013-01-01,2511.619,0
1,2013-01-02,496092.4,0
2,2013-01-03,361461.22,0
3,2013-01-04,354459.7,0
4,2013-01-05,477350.12,0
5,2013-01-06,519695.4,0
6,2013-01-07,336122.8,0
7,2013-01-08,318347.78,0
8,2013-01-09,302530.8,0
9,2013-01-10,258982.0,0
10,2013-01-11,289737.7,0
11,2013-01-12,403258.22,0
12,2013-01-13,464638.56,0
13,2013-01-14,293348.38,0
14,2013-01-15,299129.56,0
15,2013-01-16,318347.9,0
16,2013-01-17,267498.53,0
17,2013-01-18,296130.84,0
18,2013-01-19,432459.84,0
19,2013-01-20,461092.38,0
20,2013-01-21,311211.28,0
21,2013-01-22,296214.72,0
22,2013-01-23,283258.47,0
23,2013-01-24,247245.69,0
24,2013-01-25,290022.78,0
25,2013-01-26,413799.78,0
26,2013-01-27,430412.0,0
27,2013-01-28,285460.16,0
28,2013-01-29,264488.8,0
29,2013-01-30,281061.12,0
30,2013-01-31,271254.22,0
31,2013-02-01,369402.06,0
32,2013-02-02,518887.47,0
33,2013-02-03,486336.8,0
34,2013-02-04,344308.72,0
35,2013-02-05,321245.84,0
36,2013-02-06,321538.2,0
37,2013-02-07,290807.53,0
38,2013-02-08,347441.78,0
39,2013-02-09,416176.28,0
40,2013-02-10,300951.34,0
41,2013-02-11,278627.6,0
42,2013-02-12,308800.78,0
43,2013-02-13,319597.94,0
44,2013-02-14,308164.03,0
45,2013-02-15,320168.88,0
46,2013-02-16,485660.5,0
47,2013-02-17,399588.9,0
48,2013-02-18,350745.56,0
49,2013-02-19,293637.8,0
50,2013-02-20,313803.16,0
51,2013-02-21,267711.1,0
52,2013-02-22,285679.88,0
53,2013-02-23,412897.34,0
54,2013-02-24,452726.12,0
55,2013-02-25,307110.88,0
56,2013-02-26,270425.0,0
57,2013-02-27,288402.0,0
58,2013-02-28,278116.28,0
59,2013-03-01,378898.16,0
60,2013-03-02,547857.2,0
61,2013-03-03,559820.56,0
62,2013-03-04,383647.7,0
63,2013-03-05,332190.0,0
64,2013-03-06,335726.6,0
65,2013-03-07,293099.53,0
66,2013-03-08,316600.7,0
67,2013-03-09,453259.5,0
68,2013-03-10,461859.75,0
69,2013-03-11,318379.12,0
70,2013-03-12,271823.38,0
71,2013-03-13,287869.66,0
72,2013-03-14,247541.42,0
73,2013-03-15,315878.1,0
74,2013-03-16,482233.44,0
75,2013-03-17,513439.6,0
76,2013-03-18,330283.8,0
77,2013-03-19,294020.25,0
78,2013-03-20,321207.0,0
79,2013-03-21,269130.12,0
80,2013-03-22,304100.47,0
81,2013-03-23,453192.0,0
82,2013-03-24,449794.62,0
83,2013-03-25,317559.62,0
84,2013-03-26,275818.25,0
85,2013-03-27,313691.16,0
86,2013-03-28,339293.28,0
87,2013-03-29,345513.12,0
88,2013-03-30,452661.34,0
89,2013-03-31,462107.62,0
90,2013-04-01,428816.44,0
91,2013-04-02,377732.8,0
92,2013-04-03,373731.06,0
93,2013-04-04,308738.38,0
94,2013-04-05,336394.78,0
95,2013-04-06,509424.22,0
96,2013-04-07,519048.38,0
97,2013-04-08,346649.8,0
98,2013-04-09,306335.8,0
99,2013-04-10,312846.38,0
100,2013-04-11,303223.4,0
101,2013-04-12,314394.97,0
102,2013-04-13,453442.5,0
103,2013-04-14,478417.16,0
104,2013-04-15,338712.47,0
105,2013-04-16,333431.88,0
106,2013-04-17,334990.53,0
107,2013-04-18,281924.5,0
108,2013-04-19,311588.72,0
109,2013-04-20,459884.84,0
110,2013-04-21,485721.03,0
111,2013-04-22,328886.3,0
112,2013-04-23,302097.84,0
113,2013-04-24,310555.2,0
114,2013-04-25,268790.62,0
115,2013-04-26,304413.56,0
116,2013-04-27,446665.34,0
117,2013-04-28,477623.47,0
118,2013-04-29,328795.88,0
119,2013-04-30,310186.47,0
120,2013-05-01,507974.62,0
121,2013-05-02,348709.47,0
122,2013-05-03,374291.25,0
123,2013-05-04,520339.53,0
124,2013-05-05,580268.56,0
125,2013-05-06,369869.38,0
126,2013-05-07,317292.97,0
127,2013-05-08,332477.4,0
128,2013-05-09,305868.06,0
129,2013-05-10,335937.44,0
130,2013-05-11,512090.6,0
131,2013-05-12,387860.5,0
132,2013-05-13,350598.06,0
133,2013-05-14,308469.3,0
134,2013-05-15,329113.56,0
135,2013-05-16,307556.94,0
136,2013-05-17,330004.25,0
137,2013-05-18,480969.56,0
138,2013-05-19,518153.56,0
139,2013-05-20,341787.22,0
140,2013-05-21,307178.4,0
141,2013-05-22,301785.47,0
142,2013-05-23,289261.06,0
143,2013-05-24,398389.25,0
144,2013-05-25,417930.16,0
145,2013-05-26,450631.4,0
146,2013-05-27,321630.84,0
147,2013-05-28,307329.16,0
148,2013-05-29,309333.38,0
149,2013-05-30,304344.84,0
150,2013-05-31,330257.84,0
151,2013-06-01,566901.8,0
152,2013-06-02,637698.5,0
153,2013-06-03,426332.1,0
154,2013-06-04,369705.16,0
155,2013-06-05,361791.1,0
156,2013-06-06,317496.75,0
157,2013-06-07,357673.1,0
158,2013-06-08,466292.7,0
159,2013-06-09,526804.75,0
160,2013-06-10,349754.28,0
161,2013-06-11,283858.22,0
162,2013-06-12,320173.56,0
163,2013-06-13,282886.9,0
164,2013-06-14,326956.75,0
165,2013-06-15,505950.66,0
166,2013-06-16,435894.1,0
167,2013-06-17,370944.28,0
168,2013-06-18,320885.34,0
169,2013-06-19,319235.25,0
170,2013-06-20,293877.94,0
171,2013-06-21,319722.7,0
172,2013-06-22,446347.3,0
173,2013-06-23,504964.84,0
174,2013-06-24,336631.97,0
175,2013-06-25,305119.53,0
176,2013-06-26,301847.25,0
177,2013-06-27,266525.47,0
178,2013-06-28,324210.97,0
179,2013-06-29,509379.1,0
180,2013-06-30,533481.7,0
181,2013-07-01,441758.38,0
182,2013-07-02,390958.38,0
183,2013-07-03,374551.9,0
184,2013-07-04,327020.2,0
185,2013-07-05,351401.5,0
186,2013-07-06,479514.5,0
187,2013-07-07,500606.06,0
188,2013-07-08,365453.0,0
189,2013-07-09,317279.16,0
190,2013-07-10,314134.88,0
191,2013-07-11,281750.94,0
192,2013-07-12,308786.44,0
193,2013-07-13,432569.1,0
194,2013-07-14,438722.4,0
195,2013-07-15,348803.03,0
196,2013-07-16,335516.22,0
197,2013-07-17,324313.8,0
198,2013-07-18,287074.88,0
199,2013-07-19,313332.56,0
200,2013-07-20,435497.72,0
201,2013-07-21,437952.62,0
202,2013-07-22,342802.3,0
203,2013-07-23,316257.47,0
204,2013-07-24,309243.78,0
205,2013-07-25,298074.22,0
206,2013-07-26,318745.7,0
207,2013-07-27,423890.5,0
208,2013-07-28,433358.66,0
209,2013-07-29,331493.28,0
210,2013-07-30,318554.0,0
211,2013-07-31,357982.97,0
212,2013-08-01,397555.3,0
213,2013-08-02,393831.12,0
214,2013-08-03,516956.84,0
215,2013-08-04,514267.28,0
216,2013-08-05,407033.8,0
217,2013-08-06,357263.84,0
218,2013-08-07,351302.12,0
219,2013-08-08,310953.03,0
220,2013-08-09,337521.66,0
221,2013-08-10,434184.94,0
222,2013-08-11,434720.3,0
223,2013-08-12,349539.22,0
224,2013-08-13,317103.34,0
225,2013-08-14,324377.38,0
226,2013-08-15,311043.2,0
227,2013-08-16,364487.3,0
228,2013-08-17,448835.3,0
229,2013-08-18,464053.78,0
230,2013-08-19,362085.53,0
231,2013-08-20,343046.12,0
232,2013-08-21,335724.66,0
233,2013-08-22,306473.25,0
234,2013-08-23,331906.38,0
235,2013-08-24,420576.16,0
236,2013-08-25,443694.1,0
237,2013-08-26,347159.66,0
238,2013-08-27,319688.22,0
239,2013-08-28,319322.06,0
240,2013-08-29,294518.7,0
241,2013-08-30,354932.94,0
242,2013-08-31,523631.38,0
243,2013-09-01,640406.25,0
244,2013-09-02,458792.97,0
245,2013-09-03,397680.4,0
246,2013-09-04,392565.5,0
247,2013-09-05,330622.78,0
248,2013-09-06,335442.25,0
249,2013-09-07,518584.25,0
250,2013-09-08,560852.0,0
251,2013-09-09,377151.72,0
252,2013-09-10,308074.47,0
253,2013-09-11,323124.62,0
254,2013-09-12,282855.72,0
255,2013-09-13,319556.94,0
256,2013-09-14,476364.0,0
257,2013-09-15,532852.94,0
258,2013-09-16,373229.84,0
259,2013-09-17,327282.94,0
260,2013-09-18,315687.72,0
261,2013-09-19,279580.38,0
262,2013-09-20,331846.9,0
263,2013-09-21,468298.38,0
264,2013-09-22,502068.7,0
265,2013-09-23,356043.03,0
266,2013-09-24,303333.4,0
267,2013-09-25,312490.1,0
268,2013-09-26,273057.88,0
269,2013-09-27,320246.56,0
270,2013-09-28,484903.7,0
271,2013-09-29,522868.44,0
272,2013-09-30,367068.44,0
273,2013-10-01,436441.03,0
274,2013-10-02,414455.66,0
275,2013-10-03,348933.25,0
276,2013-10-04,378109.97,0
277,2013-10-05,540156.6,0
278,2013-10-06,553031.44,0
279,2013-10-07,373387.12,0
280,2013-10-08,326726.72,0
281,2013-10-09,322529.4,0
282,2013-10-10,305047.1,0
283,2013-10-11,402913.84,0
284,2013-10-12,426379.7,0
285,2013-10-13,481781.25,0
286,2013-10-14,342694.72,0
287,2013-10-15,305242.56,0
288,2013-10-16,355696.97,0
289,2013-10-17,312949.4,0
290,2013-10-18,323327.88,0
291,2013-10-19,488245.56,0
292,2013-10-20,537713.5,0
293,2013-10-21,348721.34,0
294,2013-10-22,301641.78,0
295,2013-10-23,323105.12,0
296,2013-10-24,276059.1,0
297,2013-10-25,317570.44,0
298,2013-10-26,452902.38,0
299,2013-10-27,512891.5,0
300,2013-10-28,346941.9,0
301,2013-10-29,302333.0,0
302,2013-10-30,319494.72,0
303,2013-10-31,298195.44,0
304,2013-11-01,403637.22,0
305,2013-11-02,540615.56,0
306,2013-11-03,602796.56,0
307,2013-11-04,424314.16,0
308,2013-11-05,393322.2,0
309,2013-11-06,386426.97,0
310,2013-11-07,346293.34,0
311,2013-11-08,358473.97,0
312,2013-11-09,513850.3,0
313,2013-11-10,587666.5,0
314,2013-11-11,374087.9,0
315,2013-11-12,373277.75,0
316,2013-11-13,332279.25,0
317,2013-11-14,284567.4,0
318,2013-11-15,349383.28,0
319,2013-11-16,524065.6,0
320,2013-11-17,579209.25,0
321,2013-11-18,391945.56,0
322,2013-11-19,329455.28,0
323,2013-11-20,354337.75,0
324,2013-11-21,298047.06,0
325,2013-11-22,340734.22,0
326,2013-11-23,485544.3,0
327,2013-11-24,550925.3,0
328,2013-11-25,365965.5,0
329,2013-11-26,323292.84,0
330,2013-11-27,337083.28,0
331,2013-11-28,305982.97,0
332,2013-11-29,357000.4,0
333,2013-11-30,541977.6,0
334,2013-12-01,698217.1,0
335,2013-12-02,495488.38,0
336,2013-12-03,424438.06,0
337,2013-12-04,424147.03,0
338,2013-12-05,386406.8,0
339,2013-12-06,432661.75,0
340,2013-12-07,537181.3,0
341,2013-12-08,588855.9,0
342,2013-12-09,442309.3,0
343,2013-12-10,414421.7,0
344,2013-12-11,422957.2,0
345,2013-12-12,384256.1,0
346,2013-12-13,434657.0,0
347,2013-12-14,554911.94,0
348,2013-12-15,642015.75,0
349,2013-12-16,516060.28,0
350,2013-12-17,480470.72,0
351,2013-12-18,527481.3,0
352,2013-12-19,507461.03,0
353,2013-12-20,544104.25,0
354,2013-12-21,685673.06,0
355,2013-12-22,696295.1,0
356,2013-12-23,792865.3,0
357,2013-12-24,620663.3,0
358,2013-12-26,470731.16,0
359,2013-12-27,479314.97,0
360,2013-12-28,556952.3,0
361,2013-12-29,499719.5,0
362,2013-12-30,635134.75,0
363,2013-12-31,507264.66,0
364,2014-01-01,8602.065,0
365,2014-01-02,801011.25,0
366,2014-01-03,680672.9,0
367,2014-01-04,936628.9,0
368,2014-01-05,949618.8,0
369,2014-01-06,602268.56,0
370,2014-01-07,563450.6,0
371,2014-01-08,636176.9,0
372,2014-01-09,496377.94,0
373,2014-01-10,543055.3,0
374,2014-01-11,787321.44,0
375,2014-01-12,844633.6,0
376,2014-01-13,555547.0,0
377,2014-01-14,502643.1,0
378,2014-01-15,567067.5,0
379,2014-01-16,502789.22,0
380,2014-01-17,542937.94,0
381,2014-01-18,786779.9,0
382,2014-01-19,851735.3,0
383,2014-01-20,575850.06,0
384,2014-01-21,538817.2,0
385,2014-01-22,553097.6,0
386,2014-01-23,460789.03,0
387,2014-01-24,526124.56,0
388,2014-01-25,733881.0,0
389,2014-01-26,814057.75,0
390,2014-01-27,540798.8,0
391,2014-01-28,481593.44,0
392,2014-01-29,512854.0,0
393,2014-01-30,453642.97,0
394,2014-01-31,560816.2,0
395,2014-02-01,648870.2,0
396,2014-02-02,619805.56,0
397,2014-02-03,461637.53,0
398,2014-02-04,403189.6,0
399,2014-02-05,399138.3,0
400,2014-02-06,359139.1,0
401,2014-02-07,389471.56,0
402,2014-02-08,530128.06,0
403,2014-02-09,520753.75,0
404,2014-02-10,396622.75,0
405,2014-02-11,358382.72,0
406,2014-02-12,387758.4,0
407,2014-02-13,347373.3,0
408,2014-02-14,361206.4,0
409,2014-02-15,538893.4,0
410,2014-02-16,595300.25,0
411,2014-02-17,412029.28,0
412,2014-02-18,365331.25,0
413,2014-02-19,360161.62,0
414,2014-02-20,322451.9,0
415,2014-02-21,369403.66,0
416,2014-02-22,538206.06,0
417,2014-02-23,487896.47,0
418,2014-02-24,404224.2,0
419,2014-02-25,351418.12,0
420,2014-02-26,353604.28,0
421,2014-02-27,330330.2,0
422,2014-02-28,425624.78,0
423,2014-03-01,911360.25,0
424,2014-03-02,667413.06,0
425,2014-03-03,613973.0,0
426,2014-03-04,748930.9,0
427,2014-03-05,741756.44,0
428,2014-03-06,614082.44,0
429,2014-03-07,598242.3,0
430,2014-03-08,753345.25,0
431,2014-03-09,916117.6,0
432,2014-03-10,587414.8,0
433,2014-03-11,539365.4,0
434,2014-03-12,575676.8,0
435,2014-03-13,473298.03,0
436,2014-03-14,530515.25,0
437,2014-03-15,731049.8,0
438,2014-03-16,929808.5,0
439,2014-03-17,612719.5,0
440,2014-03-18,537427.9,0
441,2014-03-19,585974.7,0
442,2014-03-20,500897.12,0
443,2014-03-21,548811.5,0
444,2014-03-22,771704.94,0
445,2014-03-23,838814.6,0
446,2014-03-24,571762.06,0
447,2014-03-25,539861.6,0
448,2014-03-26,569680.56,0
449,2014-03-27,468581.4,0
450,2014-03-28,538905.8,0
451,2014-03-29,822333.1,0
452,2014-03-30,873958.8,0
453,2014-03-31,651800.5,0
454,2014-04-01,485079.88,8
455,2014-04-02,463917.3,4
456,2014-04-03,388867.97,120
457,2014-04-04,422578.75,5
458,2014-04-05,617680.2,7
459,2014-04-06,631888.25,7
460,2014-04-07,426091.1,3
461,2014-04-08,376663.28,8
462,2014-04-09,375309.1,4
463,2014-04-10,334052.75,119
464,2014-04-11,379646.84,14
465,2014-04-12,529919.94,10
466,2014-04-13,540190.25,16
467,2014-04-14,381386.3,8
468,2014-04-15,364689.06,45
469,2014-04-16,411357.1,45
470,2014-04-17,397464.84,455
471,2014-04-18,394392.2,37
472,2014-04-19,496904.75,36
473,2014-04-20,520126.4,56
474,2014-04-21,398677.4,28
475,2014-04-22,370552.25,49
476,2014-04-23,372232.6,58
477,2014-04-24,320875.47,460
478,2014-04-25,357173.72,22
479,2014-04-26,497334.75,39
480,2014-04-27,560508.44,52
481,2014-04-28,362271.9,65
482,2014-04-29,326338.34,73
483,2014-04-30,357079.97,86
484,2014-05-01,530380.9,547
485,2014-05-02,443284.9,215
486,2014-05-03,610391.75,72
487,2014-05-04,646164.9,58
488,2014-05-05,427601.72,67
489,2014-05-06,388945.88,84
490,2014-05-07,391932.2,71
491,2014-05-08,337483.72,472
492,2014-05-09,381335.2,218
493,2014-05-10,577012.0,61
494,2014-05-11,454512.94,59
495,2014-05-12,398251.88,61
496,2014-05-13,360734.53,65
497,2014-05-14,356373.8,151
498,2014-05-15,332272.84,534
499,2014-05-16,380822.75,1188
500,2014-05-17,537873.94,129
501,2014-05-18,634519.75,139
502,2014-05-19,388814.75,110
503,2014-05-20,354372.34,157
504,2014-05-21,356898.47,191
505,2014-05-22,310660.16,1561
506,2014-05-23,349549.9,1274
507,2014-05-24,516627.25,220
508,2014-05-25,573412.2,218
509,2014-05-26,373831.1,188
510,2014-05-27,327642.16,196
511,2014-05-28,338481.78,192
512,2014-05-29,326624.56,1586
513,2014-05-30,375782.62,1224
514,2014-05-31,597192.44,267
515,2014-06-01,742732.8,123
516,2014-06-02,512725.78,195
517,2014-06-03,443636.2,213
518,2014-06-04,423284.5,236
519,2014-06-05,359474.5,1616
520,2014-06-06,391266.12,1264
521,2014-06-07,557142.44,197
522,2014-06-08,626026.94,215
523,2014-06-09,415798.94,199
524,2014-06-10,351689.44,199
525,2014-06-11,373828.16,258
526,2014-06-12,329408.06,1979
527,2014-06-13,392308.38,1335
528,2014-06-14,622073.0,278
529,2014-06-15,441279.94,250
530,2014-06-16,447450.25,338
531,2014-06-17,380396.03,380
532,2014-06-18,373408.66,425
533,2014-06-19,332280.94,2359
534,2014-06-20,369206.78,1933
535,2014-06-21,538613.9,308
536,2014-06-22,591184.1,360
537,2014-06-23,414929.62,237
538,2014-06-24,340464.75,266
539,2014-06-25,355342.4,354
540,2014-06-26,315798.2,2168
541,2014-06-27,370793.56,2732
542,2014-06-28,510870.8,425
543,2014-06-29,567218.9,302
544,2014-06-30,429324.06,352
545,2014-07-01,720480.6,2320
546,2014-07-02,747430.1,4310
547,2014-07-03,583844.75,2383
548,2014-07-04,595424.3,4056
549,2014-07-05,817307.1,610
550,2014-07-06,918276.6,583
551,2014-07-07,638526.44,492
552,2014-07-08,557291.5,2183
553,2014-07-09,574451.44,4281
554,2014-07-10,498047.56,2465
555,2014-07-11,535644.2,4057
556,2014-07-12,756698.75,568
557,2014-07-13,733653.75,720
558,2014-07-14,584867.1,617
559,2014-07-15,562860.0,2329
560,2014-07-16,621336.5,4446
561,2014-07-17,498221.72,2416
562,2014-07-18,547619.06,4275
563,2014-07-19,728988.25,759
564,2014-07-20,776474.1,636
565,2014-07-21,600228.44,592
566,2014-07-22,530276.06,2287
567,2014-07-23,574168.6,4459
568,2014-07-24,484618.8,2425
569,2014-07-25,579767.3,4395
570,2014-07-26,688919.56,673
571,2014-07-27,747307.9,605
572,2014-07-28,583936.7,557
573,2014-07-29,524743.3,2207
574,2014-07-30,578056.94,4640
575,2014-07-31,532423.56,2319
576,2014-08-01,506826.78,4407
577,2014-08-02,626533.6,506
578,2014-08-03,625898.2,453
579,2014-08-04,471173.3,402
580,2014-08-05,417197.47,395
581,2014-08-06,402914.38,515
582,2014-08-07,359701.53,2310
583,2014-08-08,397759.94,4308
584,2014-08-09,496192.78,574
585,2014-08-10,509681.75,612
586,2014-08-11,409544.56,530
587,2014-08-12,353898.22,488
588,2014-08-13,372116.53,623
589,2014-08-14,340740.8,2331
590,2014-08-15,402631.84,4456
591,2014-08-16,533996.1,578
592,2014-08-17,564443.2,559
593,2014-08-18,433042.3,514
594,2014-08-19,379329.94,512
595,2014-08-20,398126.78,582
596,2014-08-21,355108.88,2412
597,2014-08-22,388359.9,4479
598,2014-08-23,499678.22,649
599,2014-08-24,528990.56,680
600,2014-08-25,412250.06,591
601,2014-08-26,355053.9,516
602,2014-08-27,366321.5,623
603,2014-08-28,327912.44,2175
604,2014-08-29,403288.9,4268
605,2014-08-30,586373.7,437
606,2014-08-31,660088.2,455
607,2014-09-01,812526.2,633
608,2014-09-02,717351.56,2300
609,2014-09-03,726683.9,4724
610,2014-09-04,551340.06,2657
611,2014-09-05,603043.25,4802
612,2014-09-06,870139.44,959
613,2014-09-07,997964.06,942
614,2014-09-08,648651.75,802
615,2014-09-09,562420.56,2511
616,2014-09-10,612987.5,4874
617,2014-09-11,483462.94,2737
618,2014-09-12,564382.9,4727
619,2014-09-13,795802.25,1018
620,2014-09-14,896501.56,1020
621,2014-09-15,630710.56,870
622,2014-09-16,608240.0,2647
623,2014-09-17,617472.3,4999
624,2014-09-18,479500.84,2683
625,2014-09-19,550213.1,4614
626,2014-09-20,808490.75,898
627,2014-09-21,901420.44,975
628,2014-09-22,589120.3,798
629,2014-09-23,559954.3,2593
630,2014-09-24,598183.1,4837
631,2014-09-25,466867.38,2489
632,2014-09-26,515474.22,4319
633,2014-09-27,781202.4,632
634,2014-09-28,886531.8,739
635,2014-09-29,586682.8,582
636,2014-09-30,599093.94,2278
637,2014-10-01,784500.25,4804
638,2014-10-02,634306.5,2616
639,2014-10-03,675639.3,4482
640,2014-10-04,931317.5,735
641,2014-10-05,985466.94,658
642,2014-10-06,641480.75,606
643,2014-10-07,586410.25,2353
644,2014-10-08,620201.3,4784
645,2014-10-09,510519.94,2450
646,2014-10-10,702470.3,4569
647,2014-10-11,748309.1,564
648,2014-10-12,843971.1,648
649,2014-10-13,611726.94,565
650,2014-10-14,550589.56,2357
651,2014-10-15,624797.5,4945
652,2014-10-16,538252.6,2557
653,2014-10-17,558538.1,4551
654,2014-10-18,820840.94,769
655,2014-10-19,935410.56,769
656,2014-10-20,624630.0,609
657,2014-10-21,542207.2,2086
658,2014-10-22,584926.4,4755
659,2014-10-23,492233.22,2526
660,2014-10-24,528403.7,4477
661,2014-10-25,758926.25,1003
662,2014-10-26,892128.5,1020
663,2014-10-27,572806.6,583
664,2014-10-28,512678.8,2327
665,2014-10-29,560819.7,4953
666,2014-10-30,459715.28,2357
667,2014-10-31,561876.06,4421
668,2014-11-01,873539.25,975
669,2014-11-02,709851.5,944
670,2014-11-03,973192.06,690
671,2014-11-04,702751.94,2373
672,2014-11-05,718799.94,4858
673,2014-11-06,566118.4,2519
674,2014-11-07,585330.25,4392
675,2014-11-08,816064.6,861
676,2014-11-09,941478.44,956
677,2014-11-10,593376.8,540
678,2014-11-11,552505.75,2362
679,2014-11-12,588093.5,4810
680,2014-11-13,468057.38,2503
681,2014-11-14,553008.0,4434
682,2014-11-15,786124.2,1184
683,2014-11-16,956619.4,1058
684,2014-11-17,620876.3,754
685,2014-11-18,553367.2,2663
686,2014-11-19,580234.0,5147
687,2014-11-20,511855.75,2824
688,2014-11-21,567978.75,4573
689,2014-11-22,763720.1,868
690,2014-11-23,907432.6,973
691,2014-11-24,610847.94,710
692,2014-11-25,541225.6,2544
693,2014-11-26,579125.3,5021
694,2014-11-27,475823.9,2774
695,2014-11-28,559619.8,4654
696,2014-11-29,850925.1,994
697,2014-11-30,1023691.25,1076
698,2014-12-01,817413.56,1423
699,2014-12-02,735319.2,3045
700,2014-12-03,715127.6,5359
701,2014-12-04,578961.5,3216
702,2014-12-05,635445.1,4849
703,2014-12-06,829386.7,1151
704,2014-12-07,1013889.8,1165
705,2014-12-08,790283.3,922
706,2014-12-09,665123.94,2992
707,2014-12-10,732121.06,5562
708,2014-12-11,580542.2,3159
709,2014-12-12,642760.4,4853
710,2014-12-13,854830.9,1261
711,2014-12-14,999106.1,1410
712,2014-12-15,790182.94,1025
713,2014-12-16,799067.06,2973
714,2014-12-17,779966.5,5290
715,2014-12-18,731938.5,3179
716,2014-12-19,757349.4,4940
717,2014-12-20,935555.5,1534
718,2014-12-21,1056605.2,1579
719,2014-12-22,1008143.4,1582
720,2014-12-23,1064978.0,3365
721,2014-12-24,965982.9,5828
722,2014-12-26,872098.44,5714
723,2014-12-27,740596.2,1747
724,2014-12-28,716329.6,1859
725,2014-12-29,773998.4,1783
726,2014-12-30,912970.56,3494
727,2014-12-31,844380.5,5648
728,2015-01-01,12773.617,12
729,2015-01-02,657763.4,4949
730,2015-01-03,648880.7,1306
731,2015-01-04,730923.75,1295
732,2015-01-05,569267.3,1148
733,2015-01-06,477886.75,1042
734,2015-01-07,494160.84,1291
735,2015-01-08,417482.7,3063
736,2015-01-09,439381.22,4761
737,2015-01-10,569956.94,954
738,2015-01-11,694860.94,1058
739,2015-01-12,442845.53,1043
740,2015-01-13,393800.0,1213
741,2015-01-14,400923.97,1586
742,2015-01-15,371146.16,2608
743,2015-01-16,423599.94,4510
744,2015-01-17,621865.44,712
745,2015-01-18,678277.06,577
746,2015-01-19,448217.9,588
747,2015-01-20,405308.78,569
748,2015-01-21,413202.6,697
749,2015-01-22,364862.53,2598
750,2015-01-23,416937.2,4475
751,2015-01-24,588849.9,632
752,2015-01-25,631623.94,616
753,2015-01-26,410009.62,540
754,2015-01-27,360009.84,560
755,2015-01-28,376935.9,639
756,2015-01-29,343062.16,2696
757,2015-01-30,435899.66,4647
758,2015-01-31,656205.8,763
759,2015-02-01,815294.5,727
760,2015-02-02,538301.9,653
761,2015-02-03,475249.84,583
762,2015-02-04,451923.16,687
763,2015-02-05,407491.97,2640
764,2015-02-06,437147.53,4645
765,2015-02-07,599911.6,721
766,2015-02-08,622994.25,690
767,2015-02-09,458002.16,722
768,2015-02-10,400826.0,694
769,2015-02-11,400115.34,766
770,2015-02-12,384963.16,2613
771,2015-02-13,493265.47,4536
772,2015-02-14,562855.06,697
773,2015-02-15,434886.66,576
774,2015-02-16,420740.9,574
775,2015-02-17,483088.12,609
776,2015-02-18,497499.06,670
777,2015-02-19,436360.9,2616
778,2015-02-20,483681.03,4387
779,2015-02-21,572753.06,443
780,2015-02-22,691339.06,573
781,2015-02-23,443349.9,425
782,2015-02-24,407890.28,411
783,2015-02-25,395774.97,476
784,2015-02-26,354938.22,2631
785,2015-02-27,436488.44,4475
786,2015-02-28,635263.4,504
787,2015-03-01,820435.0,617
788,2015-03-02,546037.8,464
789,2015-03-03,492365.25,571
790,2015-03-04,483330.56,608
791,2015-03-05,428599.8,2679
792,2015-03-06,463723.97,4451
793,2015-03-07,657377.2,660
794,2015-03-08,659563.44,538
795,2015-03-09,480371.94,557
796,2015-03-10,457881.75,567
797,2015-03-11,425617.72,572
798,2015-03-12,382588.66,2664
799,2015-03-13,434806.0,4501
800,2015-03-14,616609.75,649
801,2015-03-15,662700.9,636
802,2015-03-16,466598.44,597
803,2015-03-17,415359.53,581
804,2015-03-18,398630.0,600
805,2015-03-19,373324.38,2698
806,2015-03-20,467687.94,4477
807,2015-03-21,624099.25,597
808,2015-03-22,646466.4,666
809,2015-03-23,462664.25,543
810,2015-03-24,407369.72,445
811,2015-03-25,408258.2,579
812,2015-03-26,367006.97,2769
813,2015-03-27,436906.6,4596
814,2015-03-28,589854.7,587
815,2015-03-29,641213.75,669
816,2015-03-30,437878.84,632
817,2015-03-31,443278.9,590
818,2015-04-01,557223.2,777
819,2015-04-02,524588.9,2854
820,2015-04-03,510296.78,4598
821,2015-04-04,653894.2,712
822,2015-04-05,659669.56,707
823,2015-04-06,519734.8,578
824,2015-04-07,464788.22,631
825,2015-04-08,461140.22,753
826,2015-04-09,398718.3,2883
827,2015-04-10,445869.3,4725
828,2015-04-11,610603.0,736
829,2015-04-12,659939.0,715
830,2015-04-13,453724.75,643
831,2015-04-14,403623.4,666
832,2015-04-15,438106.28,739
833,2015-04-16,418643.2,3374
834,2015-04-17,456303.25,5102
835,2015-04-18,629155.7,1195
836,2015-04-19,684544.94,1249
837,2015-04-20,481694.78,1146
838,2015-04-21,426018.3,1090
839,2015-04-22,421108.22,1250
840,2015-04-23,392147.03,3300
841,2015-04-24,437625.5,5216
842,2015-04-25,588781.5,1185
843,2015-04-26,625901.0,1169
844,2015-04-27,425049.16,1046
845,2015-04-28,374839.2,1057
846,2015-04-29,398724.34,1012
847,2015-04-30,432612.16,3267
848,2015-05-01,674509.4,5555
849,2015-05-02,711052.25,1343
850,2015-05-03,742887.75,1381
851,2015-05-04,556245.1,1282
852,2015-05-05,509493.22,1240
853,2015-05-06,504999.56,1340
854,2015-05-07,444082.3,3372
855,2015-05-08,481304.22,5130
856,2015-05-09,706705.44,1156
857,2015-05-10,558062.25,1024
858,2015-05-11,524864.06,1055
859,2015-05-12,452162.88,1014
860,2015-05-13,446915.62,1172
861,2015-05-14,395609.66,3153
862,2015-05-15,483535.53,5076
863,2015-05-16,709798.56,1196
864,2015-05-17,798186.1,1060
865,2015-05-18,496595.0,968
866,2015-05-19,446375.5,999
867,2015-05-20,466238.62,1232
868,2015-05-21,417006.12,3115
869,2015-05-22,458727.9,4923
870,2015-05-23,658882.94,970
871,2015-05-24,738068.44,1012
872,2015-05-25,534802.8,941
873,2015-05-26,463132.4,887
874,2015-05-27,481804.97,1007
875,2015-05-28,428506.88,3183
876,2015-05-29,560519.5,5079
877,2015-05-30,855728.3,992
878,2015-05-31,1023564.75,1025
879,2015-06-01,812081.2,1388
880,2015-06-02,753430.6,3643
881,2015-06-03,747929.44,5581
882,2015-06-04,608994.6,3401
883,2015-06-05,657675.1,5144
884,2015-06-06,904437.25,1066
885,2015-06-07,1070695.9,1068
886,2015-06-08,696952.8,949
887,2015-06-09,623725.1,3216
888,2015-06-10,641435.4,5373
889,2015-06-11,510019.16,1369
890,2015-06-12,606616.0,6500
891,2015-06-13,840727.75,1564
892,2015-06-14,967745.75,2239
893,2015-06-15,666557.1,1495
894,2015-06-16,672637.8,3629
895,2015-06-17,677171.2,8606
896,2015-06-18,556155.06,1775
897,2015-06-19,659233.56,6748
898,2015-06-20,936951.6,1586
899,2015-06-21,790568.44,2389
900,2015-06-22,701208.25,1617
901,2015-06-23,640322.3,3756
902,2015-06-24,643411.7,9265
903,2015-06-25,518700.97,1154
904,2015-06-26,593299.44,6213
905,2015-06-27,831492.44,1166
906,2015-06-28,976563.56,1994
907,2015-06-29,639072.2,1006
908,2015-06-30,669548.44,2927
909,2015-07-01,885953.2,8448
910,2015-07-02,705642.3,1306
911,2015-07-03,772773.4,6484
912,2015-07-04,1018541.9,1252
913,2015-07-05,982427.7,2065
914,2015-07-06,754949.7,1033
915,2015-07-07,654821.06,2971
916,2015-07-08,732992.1,8236
917,2015-07-09,605032.5,1214
918,2015-07-10,643986.4,6406
919,2015-07-11,794984.7,1137
920,2015-07-12,898731.94,1942
921,2015-07-13,647967.06,1009
922,2015-07-14,601452.25,2851
923,2015-07-15,664505.1,8255
924,2015-07-16,584042.75,1225
925,2015-07-17,653452.2,6503
926,2015-07-18,826353.3,1126
927,2015-07-19,894707.3,1938
928,2015-07-20,685961.25,1357
929,2015-07-21,607836.5,3157
930,2015-07-22,631385.44,8415
931,2015-07-23,541511.44,1482
932,2015-07-24,635244.25,6714
933,2015-07-25,797427.5,1529
934,2015-07-26,875032.06,2383
935,2015-07-27,652999.2,1466
936,2015-07-28,594977.7,3408
937,2015-07-29,625450.0,8747
938,2015-07-30,543393.56,1662
939,2015-07-31,695083.44,7021
940,2015-08-01,1044894.8,1448
941,2015-08-02,1043495.5,2194
942,2015-08-03,811119.8,1405
943,2015-08-04,726613.4,3489
944,2015-08-05,724346.56,8919
945,2015-08-06,583375.2,1529
946,2015-08-07,663326.5,6744
947,2015-08-08,784099.2,1436
948,2015-08-09,679410.1,2287
949,2015-08-10,785477.94,1389
950,2015-08-11,668280.4,3358
951,2015-08-12,678064.75,7917
952,2015-08-13,557859.5,1482
953,2015-08-14,734484.2,6748
954,2015-08-15,936339.0,1434
955,2015-08-16,913846.6,2166
956,2015-08-17,694747.2,1393
957,2015-08-18,629475.6,3316
958,2015-08-19,653733.4,7781
959,2015-08-20,569443.7,1511
960,2015-08-21,653281.2,7086
961,2015-08-22,803270.2,1653
962,2015-08-23,865755.4,2412
963,2015-08-24,681576.0,1491
964,2015-08-25,624698.3,3525
965,2015-08-26,640076.0,8142
966,2015-08-27,548043.3,1462
967,2015-08-28,635737.25,6846
968,2015-08-29,876953.1,1484
969,2015-08-30,975697.6,2310
970,2015-08-31,776152.56,1257
971,2015-09-01,906550.0,3595
972,2015-09-02,879033.06,8161
973,2015-09-03,707093.06,2241
974,2015-09-04,736395.3,7802
975,2015-09-05,1052868.4,2570
976,2015-09-06,1147642.6,3486
977,2015-09-07,767382.75,2391
978,2015-09-08,677312.25,4385
979,2015-09-09,705633.5,8964
980,2015-09-10,577743.8,2597
981,2015-09-11,651330.2,7873
982,2015-09-12,921524.44,2572
983,2015-09-13,1023345.3,3511
984,2015-09-14,688405.2,2433
985,2015-09-15,682134.4,4657
986,2015-09-16,742089.7,9156
987,2015-09-17,593577.8,2563
988,2015-09-18,653805.9,7943
989,2015-09-19,935893.5,2727
990,2015-09-20,1037532.9,3551
991,2015-09-21,717725.4,2517
992,2015-09-22,641914.75,4480
993,2015-09-23,690419.75,9189
994,2015-09-24,557321.6,2352
995,2015-09-25,646083.9,7739
996,2015-09-26,890486.06,2486
997,2015-09-27,1018062.94,3382
998,2015-09-28,671261.06,2245
999,2015-09-29,609130.7,4278
1000,2015-09-30,711182.56,9027
1001,2015-10-01,796340.9,2231
1002,2015-10-02,830719.4,7801
1003,2015-10-03,1179376.1,2220
1004,2015-10-04,1234130.9,3011
1005,2015-10-05,809524.8,1990
1006,2015-10-06,696169.25,3989
1007,2015-10-07,720562.3,8798
1008,2015-10-08,603066.0,2042
1009,2015-10-09,873934.75,7815
1010,2015-10-10,867557.0,1969
1011,2015-10-11,973329.2,2852
1012,2015-10-12,721634.56,1864
1013,2015-10-13,585141.56,3899
1014,2015-10-14,688198.1,8778
1015,2015-10-15,577952.2,1289
1016,2015-10-16,693829.4,6959
1017,2015-10-17,958052.94,1355
1018,2015-10-18,1071477.1,2212
1019,2015-10-19,699259.5,1166
1020,2015-10-20,660308.4,3039
1021,2015-10-21,672847.4,7950
1022,2015-10-22,547020.06,1019
1023,2015-10-23,639040.6,6519
1024,2015-10-24,859950.7,915
1025,2015-10-25,1018783.1,1822
1026,2015-10-26,649914.4,842
1027,2015-10-27,587066.1,2944
1028,2015-10-28,599388.1,7811
1029,2015-10-29,511860.06,1392
1030,2015-10-30,635875.9,7060
1031,2015-10-31,915956.9,1667
1032,2015-11-01,819250.4,2621
1033,2015-11-02,762549.8,1715
1034,2015-11-03,1033439.1,3898
1035,2015-11-04,855494.44,9041
1036,2015-11-05,649662.7,1872
1037,2015-11-06,671145.8,7448
1038,2015-11-07,929723.4,1881
1039,2015-11-08,1077362.0,2868
1040,2015-11-09,683644.9,1707
1041,2015-11-10,623529.2,3788
1042,2015-11-11,689746.2,8741
1043,2015-11-12,506937.66,1777
1044,2015-11-13,626674.0,7175
1045,2015-11-14,867597.3,2300
1046,2015-11-15,1056159.5,3508
1047,2015-11-16,716508.7,2524
1048,2015-11-17,618920.0,4525
1049,2015-11-18,683954.2,9935
1050,2015-11-19,560452.56,2888
1051,2015-11-20,665619.7,8109
1052,2015-11-21,863726.9,2473
1053,2015-11-22,1015844.3,3537
1054,2015-11-23,696685.44,2307
1055,2015-11-24,612710.2,4508
1056,2015-11-25,658917.8,9548
1057,2015-11-26,530358.3,2134
1058,2015-11-27,645087.06,7812
1059,2015-11-28,850596.0,2432
1060,2015-11-29,1070619.8,3235
1061,2015-11-30,762036.1,2190
1062,2015-12-01,857620.94,5121
1063,2015-12-02,867269.56,10113
1064,2015-12-03,676883.06,2513
1065,2015-12-04,749354.1,8073
1066,2015-12-05,966202.4,2404
1067,2015-12-06,1143119.4,3188
1068,2015-12-07,822334.7,2031
1069,2015-12-08,712569.2,4241
1070,2015-12-09,747893.8,9603
1071,2015-12-10,657427.2,2013
1072,2015-12-11,708392.8,7574
1073,2015-12-12,915667.9,2179
1074,2015-12-13,1059425.4,2924
1075,2015-12-14,811613.75,1672
1076,2015-12-15,779809.94,5965
1077,2015-12-16,859930.25,11274
1078,2015-12-17,809809.75,2120
1079,2015-12-18,893569.9,7493
1080,2015-12-19,1095523.5,2231
1081,2015-12-20,1175417.0,3037
1082,2015-12-21,1072887.5,1811
1083,2015-12-22,1141861.9,4122
1084,2015-12-23,1196146.0,9276
1085,2015-12-24,1083680.4,1838
1086,2015-12-26,946725.2,1725
1087,2015-12-27,837714.1,2582
1088,2015-12-28,789684.94,1316
1089,2015-12-29,870762.0,3848
1090,2015-12-30,1030043.75,9068
1091,2015-12-31,964641.56,1638
1092,2016-01-01,16433.395,159
1093,2016-01-02,1066677.4,1832
1094,2016-01-03,1226735.8,2936
1095,2016-01-04,955956.9,1741
1096,2016-01-05,835320.44,3950
1097,2016-01-06,821685.7,8959
1098,2016-01-07,653504.4,1998
1099,2016-01-08,713608.3,7235
1100,2016-01-09,989209.44,1793
1101,2016-01-10,1094693.9,2700
1102,2016-01-11,705495.25,1467
1103,2016-01-12,647058.44,3683
1104,2016-01-13,660045.3,8823
1105,2016-01-14,561972.6,1917
1106,2016-01-15,671027.1,7696
1107,2016-01-16,959827.1,2282
1108,2016-01-17,1057997.4,3141
1109,2016-01-18,709784.25,2201
1110,2016-01-19,630929.75,4738
1111,2016-01-20,738744.0,10589
1112,2016-01-21,552820.75,940
1113,2016-01-22,648431.44,6542
1114,2016-01-23,906754.8,924
1115,2016-01-24,980927.75,1964
1116,2016-01-25,658090.7,782
1117,2016-01-26,609465.8,3075
1118,2016-01-27,647254.7,8217
1119,2016-01-28,533709.9,2483
1120,2016-01-29,660492.75,8261
1121,2016-01-30,969938.4,2791
1122,2016-01-31,1093211.2,3759
1123,2016-02-01,872063.3,2805
1124,2016-02-02,765233.2,4924
1125,2016-02-03,772360.94,9935
1126,2016-02-04,650328.2,3326
1127,2016-02-05,768586.5,9244
1128,2016-02-06,941954.06,3667
1129,2016-02-07,697791.6,4184
1130,2016-02-08,636542.7,3245
1131,2016-02-09,746939.6,5542
1132,2016-02-10,790988.7,10965
1133,2016-02-11,646376.4,5650
1134,2016-02-12,698152.06,11248
1135,2016-02-13,859023.0,6018
1136,2016-02-14,940214.5,6966
1137,2016-02-15,746671.3,5744
1138,2016-02-16,719111.9,6223
1139,2016-02-17,723794.75,11241
1140,2016-02-18,570072.7,3949
1141,2016-02-19,672510.1,9501
1142,2016-02-20,883790.2,4278
1143,2016-02-21,991384.25,5431
1144,2016-02-22,698907.6,4009
1145,2016-02-23,641329.06,6027
1146,2016-02-24,675573.4,11117
1147,2016-02-25,557959.3,3236
1148,2016-02-26,641922.8,9782
1149,2016-02-27,916704.06,5172
1150,2016-02-28,994502.75,6156
1151,2016-02-29,726619.75,3956
1152,2016-03-01,897927.6,6666
1153,2016-03-02,878452.4,11706
1154,2016-03-03,671564.75,3490
1155,2016-03-04,747546.8,9322
1156,2016-03-05,1028620.7,3909
1157,2016-03-06,1078958.5,4730
1158,2016-03-07,738126.5,3446
1159,2016-03-08,642291.4,5398
1160,2016-03-09,694645.9,10754
1161,2016-03-10,572491.9,3430
1162,2016-03-11,664893.5,9111
1163,2016-03-12,898101.1,3825
1164,2016-03-13,954980.3,4613
1165,2016-03-14,668066.4,3453
1166,2016-03-15,668186.7,5709
1167,2016-03-16,739805.4,10828
1168,2016-03-17,580452.5,4979
1169,2016-03-18,666756.8,9539
1170,2016-03-19,895038.5,4430
1171,2016-03-20,929605.56,5296
1172,2016-03-21,690469.8,4119
1173,2016-03-22,622695.8,5900
1174,2016-03-23,714881.2,11249
1175,2016-03-24,660489.9,2340
1176,2016-03-25,633524.2,7584
1177,2016-03-26,800133.5,2400
1178,2016-03-27,833336.06,3329
1179,2016-03-28,661057.9,2380
1180,2016-03-29,621166.06,4467
1181,2016-03-30,660139.0,9807
1182,2016-03-31,617374.3,3581
1183,2016-04-01,872467.3,9793
1184,2016-04-02,1150824.6,3941
1185,2016-04-03,1266908.2,5092
1186,2016-04-04,795237.2,3643
1187,2016-04-05,725750.1,5677
1188,2016-04-06,744784.8,11186
1189,2016-04-07,587939.75,3080
1190,2016-04-08,689727.2,9240
1191,2016-04-09,927981.4,4143
1192,2016-04-10,1008876.75,5403
1193,2016-04-11,665348.94,4377
1194,2016-04-12,651657.06,6825
1195,2016-04-13,672611.5,12374
1196,2016-04-14,546785.2,3484
1197,2016-04-15,667606.3,9158
1198,2016-04-16,862121.5,3954
1199,2016-04-17,1271833.8,4986
1200,2016-04-18,1345920.6,4075
1201,2016-04-19,1152089.2,6110
1202,2016-04-20,1062426.2,12650
1203,2016-04-21,1001079.75,5526
1204,2016-04-22,857059.25,11038
1205,2016-04-23,1022143.1,5737
1206,2016-04-24,1039369.94,6762
1207,2016-04-25,680000.75,5125
1208,2016-04-26,704799.44,7306
1209,2016-04-27,670288.1,13522
1210,2016-04-28,543339.9,6363
1211,2016-04-29,708711.44,14393
1212,2016-04-30,1067335.8,10349
1213,2016-05-01,1270121.2,12056
1214,2016-05-02,973985.7,9677
1215,2016-05-03,792205.56,12286
1216,2016-05-04,798654.44,17422
1217,2016-05-05,648701.6,9971
1218,2016-05-06,761422.5,16096
1219,2016-05-07,1071192.8,10650
1220,2016-05-08,820824.6,10736
1221,2016-05-09,771767.6,10233
1222,2016-05-10,693010.5,12099
1223,2016-05-11,727543.44,15793
1224,2016-05-12,603394.2,8951
1225,2016-05-13,666833.9,14003
1226,2016-05-14,932869.5,9545
1227,2016-05-15,1070331.6,10418
1228,2016-05-16,748112.7,8877
1229,2016-05-17,661930.8,10975
1230,2016-05-18,671232.94,14599
1231,2016-05-19,581470.56,8973
1232,2016-05-20,706024.06,14004
1233,2016-05-21,910757.2,9307
1234,2016-05-22,1030671.6,10339
1235,2016-05-23,695004.7,8534
1236,2016-05-24,606377.2,10606
1237,2016-05-25,637512.06,15657
1238,2016-05-26,571968.6,10758
1239,2016-05-27,852689.25,17133
1240,2016-05-28,816187.2,11524
1241,2016-05-29,959853.7,12737
1242,2016-05-30,752452.44,11392
1243,2016-05-31,974328.0,14668
1244,2016-06-01,811525.3,15912
1245,2016-06-02,694535.94,8059
1246,2016-06-03,742363.06,11747
1247,2016-06-04,1011996.6,6666
1248,2016-06-05,1123734.4,7628
1249,2016-06-06,729894.25,6262
1250,2016-06-07,658714.6,8345
1251,2016-06-08,696747.56,13972
1252,2016-06-09,547139.6,6261
1253,2016-06-10,637354.3,12011
1254,2016-06-11,845838.2,7639
1255,2016-06-12,947479.75,8585
1256,2016-06-13,685382.2,7235
1257,2016-06-14,622267.75,9714
1258,2016-06-15,708327.6,16034
1259,2016-06-16,620526.25,7642
1260,2016-06-17,737897.44,13274
1261,2016-06-18,972971.1,8524
1262,2016-06-19,837363.0,8814
1263,2016-06-20,735754.4,7609
1264,2016-06-21,679248.0,9623
1265,2016-06-22,677730.6,15476
1266,2016-06-23,559653.3,6384
1267,2016-06-24,641812.7,11846
1268,2016-06-25,860296.8,6984
1269,2016-06-26,954344.7,8257
1270,2016-06-27,684735.6,6513
1271,2016-06-28,596948.94,8118
1272,2016-06-29,632489.5,13620
1273,2016-06-30,554144.9,6662
1274,2016-07-01,857027.56,12713
1275,2016-07-02,1078485.1,7331
1276,2016-07-03,1126713.8,8070
1277,2016-07-04,850891.6,6906
1278,2016-07-05,728011.56,9188
1279,2016-07-06,752110.94,16405
1280,2016-07-07,591702.75,5265
1281,2016-07-08,688563.4,12532
1282,2016-07-09,868260.0,7671
1283,2016-07-10,932486.3,8786
1284,2016-07-11,688436.1,7134
1285,2016-07-12,627039.75,8817
1286,2016-07-13,642494.4,13382
1287,2016-07-14,535124.3,5346
1288,2016-07-15,675032.44,11407
1289,2016-07-16,887192.9,6365
1290,2016-07-17,932586.7,7336
1291,2016-07-18,702619.75,5892
1292,2016-07-19,633176.3,7823
1293,2016-07-20,686848.9,13216
1294,2016-07-21,578823.7,5644
1295,2016-07-22,646633.6,10352
1296,2016-07-23,822292.5,5882
1297,2016-07-24,847867.7,6813
1298,2016-07-25,697383.6,5681
1299,2016-07-26,622771.94,7550
1300,2016-07-27,651122.0,10781
1301,2016-07-28,533256.25,5647
1302,2016-07-29,669585.8,11243
1303,2016-07-30,910213.9,6377
1304,2016-07-31,997916.94,7050
1305,2016-08-01,895580.4,5349
1306,2016-08-02,777592.8,7884
1307,2016-08-03,779844.8,13361
1308,2016-08-04,622883.1,5955
1309,2016-08-05,704092.75,11624
1310,2016-08-06,858903.2,6266
1311,2016-08-07,904321.44,7562
1312,2016-08-08,715195.56,6231
1313,2016-08-09,635539.0,8593
1314,2016-08-10,658457.44,13998
1315,2016-08-11,596729.25,6448
1316,2016-08-12,745662.5,11760
1317,2016-08-13,714905.94,6521
1318,2016-08-14,761826.1,7400
1319,2016-08-15,720032.3,6925
1320,2016-08-16,718671.6,8896
1321,2016-08-17,725945.7,14445
1322,2016-08-18,577350.5,6847
1323,2016-08-19,678767.1,12171
1324,2016-08-20,828986.3,7317
1325,2016-08-21,901870.1,8091
1326,2016-08-22,714866.25,6907
1327,2016-08-23,660820.0,8720
1328,2016-08-24,674613.06,13484
1329,2016-08-25,554421.5,5714
1330,2016-08-26,646698.25,11058
1331,2016-08-27,791047.56,6313
1332,2016-08-28,858802.44,7180
1333,2016-08-29,671845.75,6096
1334,2016-08-30,624711.3,8397
1335,2016-08-31,731430.1,14079
1336,2016-09-01,718105.56,6204
1337,2016-09-02,837129.56,11445
1338,2016-09-03,1057581.2,5986
1339,2016-09-04,1109985.9,6669
1340,2016-09-05,813763.3,5446
1341,2016-09-06,751583.0,7130
1342,2016-09-07,738543.94,12437
1343,2016-09-08,595849.3,5757
1344,2016-09-09,658969.0,11435
1345,2016-09-10,915938.56,6595
1346,2016-09-11,1017369.25,7187
1347,2016-09-12,678776.44,5902
1348,2016-09-13,603427.94,7836
1349,2016-09-14,624262.06,13238
1350,2016-09-15,568324.8,8373
1351,2016-09-16,691912.6,14453
1352,2016-09-17,899219.3,9645
1353,2016-09-18,1018662.7,10453
1354,2016-09-19,681159.3,8924
1355,2016-09-20,650980.3,10992
1356,2016-09-21,666928.4,16166
1357,2016-09-22,533276.3,9185
1358,2016-09-23,663686.0,14938
1359,2016-09-24,861830.4,10165
1360,2016-09-25,952352.56,10902
1361,2016-09-26,664217.44,9248
1362,2016-09-27,587908.3,11118
1363,2016-09-28,631761.2,15766
1364,2016-09-29,520744.9,8746
1365,2016-09-30,703198.5,14020
1366,2016-10-01,1175033.6,9040
1367,2016-10-02,1256480.1,10009
1368,2016-10-03,833060.56,8527
1369,2016-10-04,724113.1,11381
1370,2016-10-05,749712.3,16510
1371,2016-10-06,581429.3,8844
1372,2016-10-07,797612.25,14565
1373,2016-10-08,932551.7,9965
1374,2016-10-09,1088251.5,10957
1375,2016-10-10,725312.9,9518
1376,2016-10-11,625272.0,11499
1377,2016-10-12,665126.06,15499
1378,2016-10-13,558859.9,9141
1379,2016-10-14,667954.2,14622
1380,2016-10-15,890613.6,9962
1381,2016-10-16,1104504.8,11029
1382,2016-10-17,710456.44,8913
1383,2016-10-18,630638.56,10764
1384,2016-10-19,647823.44,15074
1385,2016-10-20,583001.25,8438
1386,2016-10-21,669453.56,13952
1387,2016-10-22,843626.44,8824
1388,2016-10-23,1022953.7,10108
1389,2016-10-24,668507.6,8278
1390,2016-10-25,610590.9,10318
1391,2016-10-26,633413.9,20046
1392,2016-10-27,544361.5,12296
1393,2016-10-28,638838.25,18399
1394,2016-10-29,841074.7,15002
1395,2016-10-30,954838.2,15945
1396,2016-10-31,654923.5,13089
1397,2016-11-01,811832.44,15036
1398,2016-11-02,969033.6,21832
1399,2016-11-03,793811.7,13041
1400,2016-11-04,858468.2,17726
1401,2016-11-05,887751.3,13143
1402,2016-11-06,1140367.1,14731
1403,2016-11-07,849451.06,12332
1404,2016-11-08,767439.6,13995
1405,2016-11-09,790276.8,21413
1406,2016-11-10,588241.75,11964
1407,2016-11-11,713396.44,17688
1408,2016-11-12,929802.75,13278
1409,2016-11-13,1188982.2,14446
1410,2016-11-14,735723.2,10519
1411,2016-11-15,691801.6,13178
1412,2016-11-16,830431.75,20041
1413,2016-11-17,615228.25,9983
1414,2016-11-18,738265.56,15252
1415,2016-11-19,935656.0,11708
1416,2016-11-20,1125179.0,12877
1417,2016-11-21,773762.3,11295
1418,2016-11-22,690281.25,13276
1419,2016-11-23,753685.06,20488
1420,2016-11-24,595457.3,11234
1421,2016-11-25,737819.5,17137
1422,2016-11-26,908066.8,12489
1423,2016-11-27,1056721.6,13624
1424,2016-11-28,752583.75,11861
1425,2016-11-29,645760.5,13347
1426,2016-11-30,767361.7,19424
1427,2016-12-01,843603.3,12985
1428,2016-12-02,853454.94,18819
1429,2016-12-03,1113440.6,14279
1430,2016-12-04,1276195.0,15186
1431,2016-12-05,896824.94,13159
1432,2016-12-06,932546.4,15573
1433,2016-12-07,867653.75,26861
1434,2016-12-08,674077.4,13681
1435,2016-12-09,774941.94,19275
1436,2016-12-10,920050.75,14826
1437,2016-12-11,1119324.2,16281
1438,2016-12-12,844251.7,13791
1439,2016-12-13,747161.6,16204
1440,2016-12-14,829763.25,21728
1441,2016-12-15,747641.2,14623
1442,2016-12-16,918899.8,20131
1443,2016-12-17,1071655.6,15863
1444,2016-12-18,1260471.9,17228
1445,2016-12-19,1028242.8,15014
1446,2016-12-20,1080402.4,17863
1447,2016-12-21,1181307.4,23427
1448,2016-12-22,1135849.4,15486
1449,2016-12-23,1282145.5,21531
1450,2016-12-24,1246837.9,15250
1451,2016-12-26,1032770.75,14818
1452,2016-12-27,842475.5,16147
1453,2016-12-28,951533.7,23634
1454,2016-12-29,894108.25,15877
1455,2016-12-30,1163643.0,21974
1456,2016-12-31,1109012.9,15984
1457,2017-01-01,12082.501,170
1458,2017-01-02,1402306.4,11812
1459,2017-01-03,1104377.1,13906
1460,2017-01-04,990093.44,22918
1461,2017-01-05,777620.94,8550
1462,2017-01-06,839600.25,15539
1463,2017-01-07,1103806.2,10406
1464,2017-01-08,1192543.8,11277
1465,2017-01-09,793724.9,9647
1466,2017-01-10,742635.56,11820
1467,2017-01-11,770742.7,17301
1468,2017-01-12,629635.8,9601
1469,2017-01-13,768898.94,15674
1470,2017-01-14,1021050.56,10682
1471,2017-01-15,1175725.1,11548
1472,2017-01-16,824488.7,9912
1473,2017-01-17,750836.56,12064
1474,2017-01-18,782656.0,18723
1475,2017-01-19,606949.75,9633
1476,2017-01-20,725703.7,14854
1477,2017-01-21,1072721.8,10194
1478,2017-01-22,1148214.4,11257
1479,2017-01-23,798133.6,9356
1480,2017-01-24,721275.75,11940
1481,2017-01-25,744342.56,18532
1482,2017-01-26,576515.56,7562
1483,2017-01-27,722113.94,13112
1484,2017-01-28,977850.4,8264
1485,2017-01-29,1075167.0,9260
1486,2017-01-30,698123.75,7330
1487,2017-01-31,778222.3,10584
1488,2017-02-01,961777.4,16375
1489,2017-02-02,748882.75,8017
1490,2017-02-03,834667.1,13655
1491,2017-02-04,1132788.5,8302
1492,2017-02-05,1151987.6,9052
1493,2017-02-06,786672.4,7734
1494,2017-02-07,739431.2,9964
1495,2017-02-08,783605.4,19103
1496,2017-02-09,624387.5,7213
1497,2017-02-10,752207.25,12607
1498,2017-02-11,944924.6,7840
1499,2017-02-12,1074820.9,8800
1500,2017-02-13,794314.44,7527
1501,2017-02-14,642613.2,9653
1502,2017-02-15,745780.4,17201
1503,2017-02-16,645968.25,8104
1504,2017-02-17,758855.7,13615
1505,2017-02-18,1063394.9,8434
1506,2017-02-19,858897.1,9119
1507,2017-02-20,759120.06,8008
1508,2017-02-21,717807.7,10436
1509,2017-02-22,739388.06,16096
1510,2017-02-23,675578.5,8374
1511,2017-02-24,816197.5,14147
1512,2017-02-25,1026011.25,9005
1513,2017-02-26,775709.0,9260
1514,2017-02-27,744956.94,8398
1515,2017-02-28,949366.8,11215
1516,2017-03-01,1008521.7,18621
1517,2017-03-02,836225.2,9186
1518,2017-03-03,882639.75,15308
1519,2017-03-04,1125736.4,9661
1520,2017-03-05,1196983.8,10362
1521,2017-03-06,790143.25,8100
1522,2017-03-07,761866.75,10556
1523,2017-03-08,781046.7,16073
1524,2017-03-09,653901.2,7340
1525,2017-03-10,773855.3,13248
1526,2017-03-11,1001174.44,7610
1527,2017-03-12,1146006.9,8594
1528,2017-03-13,754390.4,7142
1529,2017-03-14,700998.06,9650
1530,2017-03-15,815621.9,15436
1531,2017-03-16,699108.2,7569
1532,2017-03-17,812306.75,14263
1533,2017-03-18,1038906.56,8705
1534,2017-03-19,1157140.6,9579
1535,2017-03-20,826428.94,8349
1536,2017-03-21,746620.94,11112
1537,2017-03-22,767880.8,16052
1538,2017-03-23,670848.0,6839
1539,2017-03-24,787914.1,13150
1540,2017-03-25,1038139.3,8520
1541,2017-03-26,1101557.5,9434
1542,2017-03-27,784103.25,7884
1543,2017-03-28,702943.94,10654
1544,2017-03-29,824633.0,17151
1545,2017-03-30,637624.3,9116
1546,2017-03-31,878750.06,14027
1547,2017-04-01,1463084.0,7450
1548,2017-04-02,1138650.0,7946
1549,2017-04-03,835191.6,6545
1550,2017-04-04,835602.6,9316
1551,2017-04-05,846631.3,15094
1552,2017-04-06,683059.56,6973
1553,2017-04-07,765502.2,12478
1554,2017-04-08,988591.44,7567
1555,2017-04-09,1101713.6,8423
1556,2017-04-10,739392.1,6662
1557,2017-04-11,741331.44,9681
1558,2017-04-12,791762.3,18094
1559,2017-04-13,737029.56,10215
1560,2017-04-14,740889.5,15812
1561,2017-04-15,898610.2,10690
1562,2017-04-16,985493.8,11676
1563,2017-04-17,775916.9,10152
1564,2017-04-18,717196.3,11980
1565,2017-04-19,735733.2,19618
1566,2017-04-20,675804.0,11231
1567,2017-04-21,795795.9,18291
1568,2017-04-22,974952.8,12972
1569,2017-04-23,1140070.2,14276
1570,2017-04-24,755072.56,12476
1571,2017-04-25,718996.06,14844
1572,2017-04-26,781159.3,21140
1573,2017-04-27,624910.0,12602
1574,2017-04-28,797636.6,18991
1575,2017-04-29,1068279.9,13643
1576,2017-04-30,1041249.25,14204
1577,2017-05-01,1306699.4,12733
1578,2017-05-02,907324.06,14155
1579,2017-05-03,924247.25,21181
1580,2017-05-04,716654.6,10040
1581,2017-05-05,780798.4,15908
1582,2017-05-06,1039417.9,10346
1583,2017-05-07,1227380.6,11503
1584,2017-05-08,776307.5,9552
1585,2017-05-09,715811.2,12040
1586,2017-05-10,766101.94,20292
1587,2017-05-11,648650.44,11109
1588,2017-05-12,764812.44,16721
1589,2017-05-13,1116976.9,12225
1590,2017-05-14,884199.94,12682
1591,2017-05-15,823035.56,11265
1592,2017-05-16,807803.9,13685
1593,2017-05-17,841407.6,18617
1594,2017-05-18,628488.0,10594
1595,2017-05-19,773775.44,15706
1596,2017-05-20,1035667.4,10841
1597,2017-05-21,1201938.9,12033
1598,2017-05-22,778935.1,10039
1599,2017-05-23,723151.75,12292
1600,2017-05-24,746303.6,20850
1601,2017-05-25,620108.25,9527
1602,2017-05-26,984511.1,16458
1603,2017-05-27,932219.9,10604
1604,2017-05-28,1061771.6,11854
1605,2017-05-29,776813.1,10056
1606,2017-05-30,742471.25,12281
1607,2017-05-31,858062.1,17457
1608,2017-06-01,766859.2,3498
1609,2017-06-02,918421.3,13480
1610,2017-06-03,1176138.1,9337
1611,2017-06-04,1376511.5,10512
1612,2017-06-05,912693.9,8750
1613,2017-06-06,805546.6,11319
1614,2017-06-07,842979.8,17369
1615,2017-06-08,667099.8,10621
1616,2017-06-09,795116.1,15713
1617,2017-06-10,993732.7,11792
1618,2017-06-11,1213674.0,13187
1619,2017-06-12,768349.75,10854
1620,2017-06-13,729412.94,13186
1621,2017-06-14,785885.94,20019
1622,2017-06-15,660338.4,10081
1623,2017-06-16,834786.44,15820
1624,2017-06-17,1096133.5,11567
1625,2017-06-18,965144.1,12259
1626,2017-06-19,791146.4,10399
1627,2017-06-20,787326.7,13072
1628,2017-06-21,766159.0,21009
1629,2017-06-22,609868.8,11621
1630,2017-06-23,761049.75,17672
1631,2017-06-24,963268.25,12262
1632,2017-06-25,1092610.9,13371
1633,2017-06-26,755367.8,10857
1634,2017-06-27,682218.44,13169
1635,2017-06-28,731897.0,20138
1636,2017-06-29,630811.8,13403
1637,2017-06-30,802273.1,18245
1638,2017-07-01,1207529.9,13017
1639,2017-07-02,1296379.2,13882
1640,2017-07-03,925143.44,12329
1641,2017-07-04,832359.3,14888
1642,2017-07-05,844301.6,23049
1643,2017-07-06,700272.0,13192
1644,2017-07-07,805792.3,18485
1645,2017-07-08,998347.2,13428
1646,2017-07-09,1100833.4,14273
1647,2017-07-10,804158.9,12239
1648,2017-07-11,730534.75,14429
1649,2017-07-12,748800.0,20226
1650,2017-07-13,629651.4,10199
1651,2017-07-14,765489.6,16059
1652,2017-07-15,969077.1,11079
1653,2017-07-16,1100803.8,11720
1654,2017-07-17,818325.5,10056
1655,2017-07-18,730133.7,12065
1656,2017-07-19,767978.75,18201
1657,2017-07-20,688288.06,10708
1658,2017-07-21,782418.3,15340
1659,2017-07-22,932902.06,10070
1660,2017-07-23,1024288.75,10870
1661,2017-07-24,816564.3,9448
1662,2017-07-25,713581.6,11325
1663,2017-07-26,740653.06,18725
1664,2017-07-27,659849.8,8001
1665,2017-07-28,835099.7,13850
1666,2017-07-29,1032310.9,9099
1667,2017-07-30,1123752.5,10227
1668,2017-07-31,885856.8,8649
1669,2017-08-01,988527.75,10150
1670,2017-08-02,964712.0,16524
1671,2017-08-03,728068.5,7859
1672,2017-08-04,827775.7,14193
1673,2017-08-05,965693.6,8684
1674,2017-08-06,1049559.1,9565
1675,2017-08-07,797464.94,8209
1676,2017-08-08,717766.4,10638
1677,2017-08-09,734139.7,16117
1678,2017-08-10,651386.94,7917
1679,2017-08-11,826373.75,14179
1680,2017-08-12,792630.56,8312
1681,2017-08-13,865639.7,9283
1682,2017-08-14,760922.44,8043
1683,2017-08-15,762661.94,10605
